<!DOCTYPE html PUBLIC "-//W3C//DTD XHTML 1.0 Frameset//EN"
	"http://www.w3.org/TR/xhtml1/DTD/xhtml1-frameset.dtd">
<html>
 <head>
	<title>T-Online Navigationshilfe</title>
 </head>
 <frameset rows="100%">
 <frame src="//navigationshilfe.t-online.de/dnserror?url=www.owon.ca/"
	frameborder="0" noresize="noresize"/>
 <noframes>
  <body>
   <h1>Willkommen bei T-Online</h1>
   <p>
	<a href="//navigationshilfe.t-online.de/dnserror?url=www.owon.ca/">
	weiter....</a>
   </p>
  </body>
 </noframes>
 </frameset>
</html>
